title,artistAlbum
Wet State,Claude VonStroke - Topic
Ice Cream Cone,Lubelski - Topic
Lipstick (Extended),Kungs - Topic
Spektrum,CamelPhat - Topic
Gang Signs (feat. ScHoolboy Q),Freddie Gibbs - Topic
Dreams (Totally Enormous Extinct Dinosaurs Remix),Gorgon City - Topic
Another Way,Crooked Colours - Topic
Waiting,CamelPhat - Topic
Freedom,Gorgon City - Topic
Tears,Gorgon City - Topic
Sweet Temptation,Gorgon City - Topic
Body Language,Gorgon City - Topic
Black Out Days (Future Islands Remix (Slowed)),Phantogram - Topic
Skywalk,Gorgon City - Topic
I’ll Find My Way To You,Elderbrook - Topic
"Gorgon City, DRAMA - You've Done Enough (Visualiser)",GorgonCityVEVO
Eli & Fur - Burning (ft. Camden Cox),MrDeepSense
Wall Of Strings,Ben Böhmer - Topic
ØGM - Hold Me,MrDeepSense
Gorgon City - Primal Call,MrDeepSense
Never Going Home (Gerd Janson Remix),Kungs - Topic
Aiur Oscar - Forever,HearWeGo
Time,Lastlings - Topic
Low (Remix),Coffin EDM - Topic
False Reactions,Lastlings - Topic
AI,Lastlings - Topic
Smoke Miash,Timewarp Inc. - Topic
